LAHM file name,t_0 value,LAHM concentration (ng/g),ISSW file name,AAE value,Plot group
Summit_surface.txt,6.146939559869845,84.934117001624,MtAdamsSummit.txt,3.259251577958277,Mount Adams
Summit_surface.txt,6.146939559869845,84.934117001624,Summit_surface22.txt,3.09318268420296,Mount Adams
Baker_crater_06-25-25_rBC_1.txt,5.487479963335096,112.88765765691889,MtBakerCrater06-25-25.txt,1.3320054799883534,Mount Baker crater
Baker_crater_06-25-25_rBc_2.txt,5.7103465921898495,113.83304717156253,Baker_crater_06-25-2532.txt,3.194578164482658,Mount Baker crater
Baker_crater_07-10-25_rBC_1.txt,6.329834117276194,129.3524068166795,MtBakerCrater07-10-25.txt,3.6959535864546282,Mount Baker crater
Baker_crater_07-10-25_rBc_2.txt,6.644043737861528,127.28279277169035,Baker_crater_07-10-2533.txt,3.539803487770174,Mount Baker crater
Baker_crater_07-10-25.txt,6.329834117276194,129.3524068166795,MtBakerCrater07-10-25.txt,3.6959535864546282,Mount Baker crater
bakercrater_july10_2025_1syringe_Lucy.txt,7.534050938866848,121.96089998566269,Baker_crater_07-10-2533.txt,3.539803487770174,Mount Baker crater
NaN,NaN,NaN,MtBakerSummit05-23-24.txt,2.1334085183269353,Mount Baker summit
NaN,NaN,NaN,Baker_summit_05-23-2430.txt,2.129912765829058,Mount Baker summit
Baker_summit_06-25-25_rBC_1.txt,4.967001374490986,31.020843749053494,MtBakerSummit06-25-25.txt,1.8080782508628053,Mount Baker summit
Baker_summit_06-25-25_rBc_2.txt,5.081523241321909,30.42383238847811,Baker_summit_06-25-2534.txt,1.6538600451159813,Mount Baker summit
Baker_summit_07-10-25_rBC_1.txt,5.559215832044752,16.354884882079606,MtBakerSummit07-10-25.txt,3.353770593814933,Mount Baker summit
Baker_summit_07-10-25_rBc_2.txt,5.763224499207659,15.435163802287274,Baker_summit_07-10-2531.txt,3.0842243712144364,Mount Baker summit
NaN,NaN,NaN,NucStd4.txt,0.24038677080378482,Nucleopore standards
NaN,NaN,NaN,NucStd5.txt,0.2317611778940412,Nucleopore standards
NaN,NaN,NaN,NucStd6.txt,0.23028302771760423,Nucleopore standards
NaN,NaN,NaN,NucStd7.txt,0.3231796772536209,Nucleopore standards
NaN,NaN,NaN,NucA14mL.txt,0.5964064566248869,Nucleopore samples
NaN,NaN,NaN,NucA17mL.txt,2.3480337331518517,Nucleopore samples
NaN,NaN,NaN,NucA24mL.txt,0.43304527169913004,Nucleopore samples
NaN,NaN,NaN,NucA28mL.txt,0.5535548544779147,Nucleopore samples
NaN,NaN,NaN,NucB10mL.txt,0.7287400461263878,Nucleopore samples
NaN,NaN,NaN,NucB5mL.txt,0.7925161478486678,Nucleopore samples
NaN,NaN,NaN,NucC10mL.txt,0.6019954361137789,Nucleopore samples
NaN,NaN,NaN,NucC14mL.txt,NaN,Nucleopore samples
NaN,NaN,NaN,NucC20mL.txt,0.7629961247787433,Nucleopore samples
NaN,NaN,NaN,NucC34mL.txt,0.36488857183235335,Nucleopore samples
NaN,NaN,NaN,NucC40mL.txt,0.35479899316305785,Nucleopore samples
NaN,NaN,NaN,NucC50mL.txt,0.40115308859947335,Nucleopore samples
NaN,NaN,NaN,NucC5mL.txt,0.865594204234015,Nucleopore samples
NaN,NaN,NaN,NuC1.txt,1.2919496656307672,Nucleopore standards
NaN,NaN,NaN,NuC10.txt,0.5375342936176439,Nucleopore standards
NaN,NaN,NaN,NuC13.txt,0.8149185773335437,Nucleopore standards
NaN,NaN,NaN,NuC15.txt,0.9630265329443062,Nucleopore standards
NaN,NaN,NaN,NuC3.txt,1.089252646231734,Nucleopore standards
NaN,NaN,NaN,NuC6.txt,0.48793684583669594,Nucleopore standards
NaN,NaN,NaN,Rainier.txt,1.307638933557763,Mount Rainier
NaN,NaN,NaN,D1-255mL6-4-25.txt,-0.8998458241048818,D1
NaN,NaN,NaN,Rainier80.txt,1.307638933557763,Mount Rainier
NaN,NaN,NaN,CH16017.txt,3.491870262685955,Chile samples
NaN,NaN,NaN,CH16103.txt,1.694500112990957,Chile samples
NaN,NaN,NaN,28ml.txt,0.4104264741556342,Ink standards
NaN,NaN,NaN,A.14mL.txt,0.7080009931257113,Ink standards
NaN,NaN,NaN,B.10mL.txt,0.9935430864030823,Ink standards
NaN,NaN,NaN,C.20mL.txt,0.46981884274612323,Ink standards
NaN,NaN,NaN,C.34mL.txt,0.39895404933761963,Ink standards
NaN,NaN,NaN,C.50mL.txt,0.46798764146640903,Ink standards
NaN,NaN,NaN,C.57mL.txt,0.9017307589486593,Ink standards
run_1.txt,NaN,NaN,NaN,NaN,Unresolved run 1
run_1.txt,NaN,NaN,NaN,NaN,Unresolved run 1
run_1.txt,NaN,NaN,NaN,NaN,Unresolved run 1
run_1.txt,NaN,NaN,NaN,NaN,Unresolved run 1
run_1.txt,NaN,NaN,NaN,NaN,Unresolved run 1
blankfilter.txt,3.7855880265877255,2.7545335900221524,NaN,NaN,Blank filter
DI.txt,5.2229768323822,2.9931438257435525,NaN,NaN,DI
run_1.txt,4.860851831837611,50.42488701811883,NaN,NaN,Rainier dirt
run_1.txt,6.9201149936054644,213.8302136301054,NaN,NaN,Rainier dirt
LAHM_test_data.txt,4.968997705629977,123.40089488602221,NaN,NaN,LAHM test data
Millipore blank.txt,4.387726053506981,7.175544926924737,NaN,NaN,Millipore blank
Huann_05-10-23.txt,5.443416331046073,2.5863107740343505,Huann5-10-23.txt,0.4852152314096723,Huann
Huann_05-10-23.txt,5.443416331046073,2.5863107740343505,Huann_05-10-2335.txt,1.0250067075733724,Huann
MtCook_NZ_02-07-24.txt,5.196916328621163,18.46217627807968,MtCook.txt,1.374491755762193,Mount Cook
MtCook_NZ_02-07-24.txt,5.196916328621163,18.46217627807968,MtCookNZ.txt,1.0119353877607715,Mount Cook
MtCook_NZ_02-07-24.txt,5.196916328621163,18.46217627807968,MtCook_NZ_02-07-2436.txt,1.6703826154106105,Mount Cook
North_pole_09-14-25.txt,5.273112108196049,2.4673768135591416,NorthPole9-14-25.txt,-0.27397162729671226,North Pole
North_pole_09-14-25.txt,5.273112108196049,2.4673768135591416,North_pole_09-14-2537.txt,0.5500805136268097,North Pole
Poi_09-18-25.txt,5.603846156158179,3.0497584419048085,POI.txt,0.2982019327321061,POI
Poi_09-18-25.txt,5.603846156158179,3.0497584419048085,Poi_09-18-2538.txt,5.007731541181625,POI
Sea_ice_side_of_ship_06-17-24.txt,4.239592135701468,2.222542510572194,Greenland6-17-24.txt,2.2393288889506406,Sea ice
Sea_ice_side_of_ship_06-17-24.txt,4.239592135701468,2.222542510572194,Sea_ice_side_of_ship_06-17-2440.txt,2.5220198414201858,Sea ice
Saguyanig_ship_track_Canada_02-20.txt,4.414871742051776,35.31906065907407,SaguanagTijxa2-20.txt,2.7268309366371417,Saguyanig ship track
Saguyanig_ship_track_Canada_02-20.txt,4.414871742051776,35.31906065907407,Sanguyanig_ship_track_Canada_02-2039.txt,2.583649929260281,Saguyanig ship track
Pine pollen 20 mL.txt,4.52104892115228,17.185283604076325,PP2026-1.txt,4.044417027169648,Pine pollen
Pine pollen 30 mL.txt,4.853246285318828,37.32354341225262,PP2026-2.txt,3.66139037635444,Pine pollen
Pine pollen dry smear.txt,4.737572248802746,24.678013245029025,PP2026-3.txt,4.4277626313689025,Pine pollen
Dirt str 1.txt,4.956847629646567,NaN,Rainier dirt 1.txt,1.6855973823906936,Rainier dirt
Dirt str 2.txt,7.195880762004413,NaN,Rainier dirt 2.txt,1.3781644403039364,Rainier dirt
Dirt str 3.txt,4.768265500566065,NaN,Rainier dirt 3.txt,1.1142608059495946,Rainier dirt
NaN,NaN,NaN,MtRainierMuir06-2-25.txt,1.8224452660421382,Rainier Muir
Rainier_muir_06-25-25_LAHM_1.txt,7.059207310924642,213.2757458834257,Rainier_muir_06-25-25.txt,1.7274696781149188,Rainier Muir
Rainier_muir_07-13-25_LAHM_1.txt,5.370599036014929,66.95745762579273,MtRainierMuir07-13-25.txt,1.5945117961620843,Rainier Muir
Rainier_muir_07-13-25_LAHM_1.txt,5.370599036014929,66.95745762579273,Rainier_muir_07-13-25.txt,1.815842672570362,Rainier Muir
NaN,NaN,NaN,MtRainierSummit06-2-25.txt,1.3369636388936839,Rainier summit
Rainier_summit_06-25-25_LAHM_1.txt,5.352114473586065,9.467629069424296,Rainier_summit_06-25-25.txt,1.3684256243895758,Rainier summit
Rainier_summit_08-25-25_LAHM_1.txt,6.318569038487705,28.115224855113148,MtRainierSummit08-25-25.txt,2.235241272254319,Rainier summit
Rainier_summit_08-25-25_LAHM_2.txt,6.270806314657859,29.167238864367246,Rainier_summit_08-25-25.txt,2.3205949681913327,Rainier summit
10 ug.txt,5.55210499205682,486.63916080130576,10 ug.txt,-1.2997051642674455,Fullerene standards
25 ug.txt,5.373228784116571,1233.7130590005283,25 ug.txt,-3.6742606500425077,Fullerene standards
2 ug.txt,6.412799997438754,143.07891073565006,2 ug.txt,0.18226723769213143,Fullerene standards
40 ug.txt,5.215885188143488,2118.095394590529,40 ug.txt,-4.5241279432330055,Fullerene standards
5 ug.txt,5.743485975717044,288.0265230936704,5 ug.txt,-1.1965937149183037,Fullerene standards
66 ug.txt,5.133133382850374,3318.1371647255837,66 ug.txt,-4.892816224360929,Fullerene standards
run_1.txt,4.408114559780247,119.00029115473713,NaN,NaN,Rainier 2025-06-06 Site 07
run_1.txt,4.537801895332333,113.88572940180586,NaN,NaN,Rainier 2025-06-06 Site 07
run_1.txt,4.7553502799235545,117.49199463267975,NaN,NaN,Rainier 2025-06-06 Site 07
run_1.txt,4.531085792931009,55.654355301885644,NaN,NaN,Rainier 2025-06-06 Site 07
run_1.txt,4.574582403927914,57.662600688059236,NaN,NaN,Rainier 2025-06-06 Site 07
run_1.txt,4.0640101249868525,18.278107323778944,NaN,NaN,Rainier 2025-06-06 Site 07
run_1.txt,4.298426096286518,25.98690335788568,NaN,NaN,Rainier 2025-06-06 Site 07
run_1.txt,3.9787223815901087,24.988159923820632,NaN,NaN,Rainier 2025-06-06 Site 07
run_1.txt,4.018886798444425,15.786926705253466,NaN,NaN,Rainier 2025-06-06 Site 07
run_1.txt,4.043780300345306,15.507336608606579,NaN,NaN,Rainier 2025-06-06 Site 07
run_1.txt,4.225497376440442,14.745042985886286,NaN,NaN,Rainier 2025-06-06 Site 07
run_1.txt,4.023586788112944,21.408350592095204,NaN,NaN,Rainier 2025-06-06 Site 07
run_1.txt,4.200906909964475,20.45047925008508,NaN,NaN,Rainier 2025-06-06 Site 07
run_1.txt,4.117572824106942,17.002617616907482,NaN,NaN,Rainier 2025-06-06 Site 07
run_1.txt,4.245009170984012,25.546474615757447,NaN,NaN,Rainier 2025-06-06 Site 07
run_1.txt,4.237926553617907,23.085315448011755,NaN,NaN,Rainier 2025-06-06 Site 07
run_1.txt,4.224875149633865,16.30889630907706,NaN,NaN,Rainier 2025-06-06 Site 07
run_1.txt,4.365638234678767,20.559326931612556,NaN,NaN,Rainier 2025-06-06 Site 07
run_1.txt,4.2227455848762725,22.121560339142334,NaN,NaN,Rainier 2025-06-06 Site 07
run_1.txt,4.2067464999466395,16.323444813348146,NaN,NaN,Rainier 2025-06-06 Site 07
run_1.txt,4.066621512579625,8.110182289498782,NaN,NaN,Rainier 2025-06-06 Site 07
run_1.txt,7.311650452372784,288.716945881332,NaN,NaN,Rainier 2025-06-10 Site 02
run_1.txt,7.210780756337683,411.1243357892781,NaN,NaN,Rainier 2025-06-10 Site 02
run_1.txt,4.6925889918517045,17.713173735195284,NaN,NaN,Rainier 2025-06-10 Site 02
run_1.txt,4.554721931039524,23.191416977516713,NaN,NaN,Rainier 2025-06-10 Site 02
run_1.txt,4.260653426451646,17.47390893949156,NaN,NaN,Rainier 2025-06-10 Site 02
run_1.txt,4.619081985336807,21.812929904616208,NaN,NaN,Rainier 2025-06-10 Site 02
run_1.txt,4.138984875642219,5.578778698730146,NaN,NaN,Rainier 2025-06-10 Site 02
run_1.txt,4.082423149156487,5.543017309074809,NaN,NaN,Rainier 2025-06-10 Site 02
run_1.txt,4.054539727873773,5.875620504018275,NaN,NaN,Rainier 2025-06-10 Site 02
run_1.txt,4.0901555693032146,5.653204090014422,NaN,NaN,Rainier 2025-06-10 Site 02
run_1.txt,6.7662266208403965,121.14304102289555,NaN,NaN,Rainier 2025-06-10 Site 04
run_1.txt,6.035296641980396,147.22077279957745,NaN,NaN,Rainier 2025-06-10 Site 04
run_1.txt,4.2723035297177745,7.213499388619125,NaN,NaN,Rainier 2025-06-10 Site 04
run_1.txt,4.1899701137129455,7.633943693824222,NaN,NaN,Rainier 2025-06-10 Site 04
run_1.txt,3.9662960334215223,8.39353832756708,NaN,NaN,Rainier 2025-06-10 Site 04
run_1.txt,4.093879330616909,7.808986357633472,NaN,NaN,Rainier 2025-06-10 Site 04
run_1.txt,4.103691864184392,7.199252408297743,NaN,NaN,Rainier 2025-06-10 Site 04
run_1.txt,4.0341959486273655,6.973990821714961,NaN,NaN,Rainier 2025-06-10 Site 04
run_1.txt,3.991879967456814,6.779345406130719,NaN,NaN,Rainier 2025-06-10 Site 04
run_1.txt,4.014700758246587,5.41471261678931,NaN,NaN,Rainier 2025-06-10 Site 04
run_1.txt,3.965919890757612,5.427153899403854,NaN,NaN,Rainier 2025-06-10 Site 04
run_1.txt,5.036403556505735,200.6634366003322,NaN,NaN,Rainier 2025-06-24 Site 07
run_1.txt,5.655857760632668,195.124668227181,NaN,NaN,Rainier 2025-06-24 Site 07
run_1.txt,5.602241612318902,296.9104805711629,NaN,NaN,Rainier 2025-06-24 Site 07
run_1.txt,4.223962700504052,75.48954166137494,NaN,NaN,Rainier 2025-06-24 Site 07
run_1.txt,4.188227832868809,75.24581910580983,NaN,NaN,Rainier 2025-06-24 Site 07
run_1.txt,4.177079101799477,74.60041230600453,NaN,NaN,Rainier 2025-06-24 Site 07
run_1.txt,4.1599538557298565,50.86269991197823,NaN,NaN,Rainier 2025-06-24 Site 07
run_1.txt,4.048450460482347,52.626583212104094,NaN,NaN,Rainier 2025-06-24 Site 07
run_1.txt,4.160811411780348,35.1024131507235,NaN,NaN,Rainier 2025-06-24 Site 07
run_1.txt,4.198806427186974,33.55152551253952,NaN,NaN,Rainier 2025-06-24 Site 07
run_1.txt,4.22634758939295,47.32768945780479,NaN,NaN,Rainier 2025-06-24 Site 07
run_1.txt,4.180886652783207,44.8460518821524,NaN,NaN,Rainier 2025-06-24 Site 07
run_1.txt,4.151272973731599,21.30160256660016,NaN,NaN,Rainier 2025-06-24 Site 07
run_1.txt,4.081357808241673,23.452181083668183,NaN,NaN,Rainier 2025-06-24 Site 07
run_1.txt,5.122881560202689,46.109960986880914,NaN,NaN,Rainier 2025-06-24 Site 14
run_1.txt,5.142617659559718,91.2676554526918,NaN,NaN,Rainier 2025-06-24 Site 14
run_1.txt,4.812668670059331,106.67006980576814,NaN,NaN,Rainier 2025-06-24 Site 14
run_1.txt,4.111668589313364,11.86488546945355,NaN,NaN,Rainier 2025-06-24 Site 14
run_1.txt,4.088890763391512,15.221885077740048,NaN,NaN,Rainier 2025-06-24 Site 14
run_1.txt,4.1373171977394945,13.109532739760894,NaN,NaN,Rainier 2025-06-24 Site 14
run_1.txt,3.916425510894057,31.455972515508392,NaN,NaN,Rainier 2025-06-24 Site 14
run_1.txt,3.8364414389172867,30.859342178839647,NaN,NaN,Rainier 2025-06-24 Site 14
run_1.txt,3.9035212095229936,30.372632006882046,NaN,NaN,Rainier 2025-06-24 Site 14
run_1.txt,3.9553987745648778,19.157887684001718,NaN,NaN,Rainier 2025-06-24 Site 14
run_1.txt,4.147418583716363,19.895709731229676,NaN,NaN,Rainier 2025-06-24 Site 14
run_1.txt,4.064113213536515,20.393444924224674,NaN,NaN,Rainier 2025-06-24 Site 14
run_1.txt,4.037977527179511,19.41492646412853,NaN,NaN,Rainier 2025-06-24 Site 14
run_1.txt,4.03653131530802,17.923931370883572,NaN,NaN,Rainier 2025-06-24 Site 14
run_1.txt,4.209683697525935,13.270967268674056,NaN,NaN,Rainier 2025-06-24 Site 14
run_1.txt,4.228230116042601,13.258354808132466,NaN,NaN,Rainier 2025-06-24 Site 14
run_1.txt,6.587751360651383,455.96333636151223,1A.txt,1.397248770429583,Rainier 2025-07-03 Site 01 surface
run_1.txt,6.1811917527122295,389.16775678568285,1B.txt,1.725659929193524,Rainier 2025-07-03 Site 01 surface
run_1.txt,6.454240109380738,321.3564905248701,NaN,NaN,Rainier 2025-07-03 Site 01 subsurface
2025-07-03-01-2A.txt,4.224417443642808,56.16175960204935,2A.txt,1.5364445003645248,Rainier 2025-07-03 Site 01 subsurface
run_1.txt,4.37440946937345,59.11530933823927,2A.txt,1.5364445003645248,Rainier 2025-07-03 Site 01 subsurface
run_1.txt,4.5067897131873655,65.92929142730738,NaN,NaN,Rainier 2025-07-03 Site 01 subsurface
run_1.txt,4.274289507911978,41.86313141747694,3A.txt,1.8222591964531882,Rainier 2025-07-03 Site 01 subsurface
run_1.txt,4.276612351929917,37.87443259336524,NaN,NaN,Rainier 2025-07-03 Site 01 subsurface
run_1.txt,4.276471384243487,11.19789361929589,4A.txt,1.6506370626957838,Rainier 2025-07-03 Site 01 subsurface
run_1.txt,4.283317457137821,10.454265322998621,NaN,NaN,Rainier 2025-07-03 Site 01 subsurface
run_1.txt,4.140303022872606,12.443377910294343,5A.txt,1.45900836827612,Rainier 2025-07-03 Site 01 subsurface
run_1.txt,4.28933810497553,11.5368749553821,NaN,NaN,Rainier 2025-07-03 Site 01 subsurface
run_1.txt,4.384542400782622,4.4243819684216525,6.txt,1.1490024139658197,Rainier 2025-07-03 Site 01 subsurface
run_1.txt,6.164155067501601,273.26046387200535,NaN,NaN,Rainier 2025-07-03 Site 07
run_1.txt,5.9459871334207,348.3507183943075,NaN,NaN,Rainier 2025-07-03 Site 07
run_1.txt,4.950156437963179,137.7907382830726,NaN,NaN,Rainier 2025-07-03 Site 07
run_1.txt,4.157757040459717,52.758443529063335,NaN,NaN,Rainier 2025-07-03 Site 07
run_1.txt,4.427567740966549,55.355492784247694,NaN,NaN,Rainier 2025-07-03 Site 07
run_1.txt,4.404184682334474,58.171496433058756,NaN,NaN,Rainier 2025-07-03 Site 07
run_1.txt,4.348684221355362,27.980988817116025,NaN,NaN,Rainier 2025-07-03 Site 07
run_1.txt,4.140531998262615,29.341338938981842,NaN,NaN,Rainier 2025-07-03 Site 07
run_1.txt,4.31668333993606,14.959381069115267,NaN,NaN,Rainier 2025-07-03 Site 07
run_1.txt,4.316529341931463,15.039771560069408,NaN,NaN,Rainier 2025-07-03 Site 07
run_1.txt,4.418565264738732,11.576994678822857,NaN,NaN,Rainier 2025-07-03 Site 07
run_1.txt,4.343878199189053,10.007159362830375,NaN,NaN,Rainier 2025-07-03 Site 07
Car_exhaust_2021_E1.txt,3.3067383692252594,379.5681313809229,Car_exhaust_2021_E1.txt,-1.0859882200136783,Car exhaust
Car_exhaust_2021_E2.txt,3.24769556892223,145.7144137300887,Car_exhaust_2021_E2.txt,0.10732722178912216,Car exhaust
Car_exhaust_2021_E3.txt,3.55367898960083,83.7335758682918,Car_exhaust_2021_E3.txt,0.6125951138620723,Car exhaust
Car_exhaust_2021_E4.txt,3.418372399121463,121.54301925750985,Car_exhaust_2021_E4.txt,-0.20493060336902572,Car exhaust
Baker_crater_05-23-24_rBc_1.txt,5.119078597778802,NaN,NaN,NaN,Mount Baker crater
run_1.txt,5.577705154450261,NaN,NaN,NaN,CWU2021-R
run_1.txt,4.120781257460976,NaN,NaN,NaN,CWU2021-R
run_1.txt,5.7134454351713675,NaN,NaN,NaN,CWU2021-R
run_1.txt,7.1511048360981455,404.0161654133028,NaN,NaN,CWU2021-R
run_1.txt,4.727360965996588,300.6542442808694,NaN,NaN,CWU2021-R
run_1.txt,3.6963807467138396,244.58710951640086,NaN,NaN,CWU2021-R
run_1.txt,NaN,NaN,NaN,NaN,CWU2021-R
run_1.txt,4.882493393053663,NaN,NaN,NaN,Rainier 2025-06-10 Site 04
run_1.txt,6.220286767403163,NaN,NaN,NaN,Rainier 2025-06-10 Site 04
run_1.txt,5.7459155567559534,NaN,NaN,NaN,Rainier 2025-06-24 Site 07
run_1.txt,6.677556971282555,NaN,NaN,NaN,Rainier 2025-06-24 Site 07
run_1.txt,5.285741054598146,NaN,NaN,NaN,Rainier 2025-06-24 Site 07
run_1.txt,0.2720857090415186,0.7874956680370274,NaN,NaN,UPS2020
run_1.txt,3.070413634784075,3.7467105142087043,NaN,NaN,UPS2020
run_2.txt,3.108018820988583,NaN,NaN,NaN,UPS2020
run_3.txt,3.1603891347547513,NaN,NaN,NaN,UPS2020
run_1.txt,2.9884355364770694,1.358731040075113,NaN,NaN,UPS2020
run_1.txt,2.8524887876383254,1.7699892496191483,NaN,NaN,UPS2020
run_2.txt,2.6288553282680374,NaN,NaN,NaN,UPS2020
run_1.txt,3.1615381466531915,1.5505813958057755,NaN,NaN,UPS2020
run_2.txt,3.0201520227170713,NaN,NaN,NaN,UPS2020
run_1.txt,2.941976572511267,2.5590449804442614,NaN,NaN,UPS2020
run_2.txt,2.983067361029256,NaN,NaN,NaN,UPS2020
run_1.txt,3.0216432577442807,2.251750560022638,NaN,NaN,UPS2020
run_2.txt,2.994934684055572,NaN,NaN,NaN,UPS2020
run_1.txt,2.042061558748419,1.5286563644228393,NaN,NaN,UPS2020
run_2.txt,2.143724821221162,NaN,NaN,NaN,UPS2020
run_1.txt,2.8161792340552685,1.7814418910128467,NaN,NaN,UPS2020
run_2.txt,2.95345740445455,NaN,NaN,NaN,UPS2020
run_1.txt,3.628719619954873,5.860699070014522,NaN,NaN,UPS2020
run_1.txt,3.424633569915131,4.4149961554552695,NaN,NaN,UPS2020
run_1.txt,3.3275216129753646,3.9161005443263996,NaN,NaN,UPS2020
run_1.txt,3.73220114674081,3.04673081011007,NaN,NaN,UPS2020
run_2.txt,3.718090745901917,3.2389627403054653,NaN,NaN,UPS2020
run_3.txt,3.6872915078929696,3.177267819097148,NaN,NaN,UPS2020
run_1.txt,4.118867808168739,16.738699904986156,NaN,NaN,UPS2020
run_1.txt,3.511203205239521,7.242886824365894,NaN,NaN,UPS2020
run_1.txt,3.369488189522331,4.053312346182904,NaN,NaN,UPS2020
run_1.txt,3.195612959685686,3.053925686771779,NaN,NaN,UPS2020
run_1.txt,3.2986311339639247,2.298111112517735,NaN,NaN,UPS2020
run_1.txt,3.6900894365983095,9.918513827817378,NaN,NaN,UPS2020
run_1.txt,3.6931368253102805,11.796606387434547,NaN,NaN,UPS2020
run_1.txt,3.501812591684145,13.090775666921019,NaN,NaN,UPS2020
run_1.txt,3.3050745131398735,8.357369332588178,NaN,NaN,UPS2020
run_1.txt,5.343119397305421,2.310002697952559,NaN,NaN,UPS2020
run_2.txt,5.210263003485155,NaN,NaN,NaN,UPS2020
run_3.txt,5.326208338677322,NaN,NaN,NaN,UPS2020
run_1.txt,3.2864436466524176,2.5020815053152448,NaN,NaN,UPS2020
run_2.txt,3.2113549685839815,NaN,NaN,NaN,UPS2020
run_3.txt,3.2008988317956164,NaN,NaN,NaN,UPS2020
run_1.txt,2.955973511061125,2.4610160206042084,NaN,NaN,UPS2020
run_2.txt,2.8267944090582544,NaN,NaN,NaN,UPS2020
run_3.txt,2.916842977603466,NaN,NaN,NaN,UPS2020
run_1.txt,3.2423781923172608,2.058749619660093,NaN,NaN,UPS2020
run_2.txt,3.177330294363044,NaN,NaN,NaN,UPS2020
run_3.txt,3.1018303823751565,NaN,NaN,NaN,UPS2020
run_1.txt,2.7577469003928297,NaN,NaN,NaN,UPS2020
run_2.txt,2.7435649669241067,NaN,NaN,NaN,UPS2020
run_3.txt,2.8097598378959185,NaN,NaN,NaN,UPS2020
run_1.txt,3.2211594124198863,2.597409609125933,NaN,NaN,UPS2020
run_2.txt,3.251725995325433,NaN,NaN,NaN,UPS2020
run_3.txt,3.2501605842098162,NaN,NaN,NaN,UPS2020
run_1.txt,1.8707611538100477,1.3985711620155707,NaN,NaN,UPS2020
run_2.txt,1.9611464116015236,NaN,NaN,NaN,UPS2020
run_1.txt,6.90750388889485,156.34497878535592,NaN,NaN,UPS2020-D
run_2.txt,6.917267017835253,NaN,NaN,NaN,UPS2020-D
run_3.txt,6.898711188317544,NaN,NaN,NaN,UPS2020-D
run_1.txt,4.708129277045085,112.80138076539234,NaN,NaN,UPS2020-D
run_2.txt,4.8259482811528285,NaN,NaN,NaN,UPS2020-D
run_3.txt,4.858784166546613,NaN,NaN,NaN,UPS2020-D
run_1.txt,11.004132393673572,30.59131577317852,NaN,NaN,UPS2020-D
run_2.txt,4.316034179555611,NaN,NaN,NaN,UPS2020-D
run_3.txt,4.307633865485681,NaN,NaN,NaN,UPS2020-D
run_1.txt,10.608336339740196,16.579354351572384,NaN,NaN,UPS2020-D
run_2.txt,3.820669892107399,NaN,NaN,NaN,UPS2020-D
run_3.txt,3.81868347122691,NaN,NaN,NaN,UPS2020-D
run_1.txt,10.3156306684722,57.140415839964106,NaN,NaN,UPS2020-D
run_2.txt,6.562557563138395,NaN,NaN,NaN,UPS2020-D
run_3.txt,6.543667777590647,NaN,NaN,NaN,UPS2020-D
run_1.txt,4.472445007412889,58.09819908453861,NaN,NaN,UPS2020-D
run_2.txt,4.768598557257117,NaN,NaN,NaN,UPS2020-D
run_3.txt,4.820040031890472,NaN,NaN,NaN,UPS2020-D
run_1.txt,1.146744046626584,NaN,NaN,NaN,UPS2021
run_1.txt,3.6444052758258425,9.974323397050735,NaN,NaN,UPS2021
run_1.txt,4.052275516577109,12.993547354573483,NaN,NaN,UPS2021
run_1.txt,4.268758505736537,26.97797585738579,NaN,NaN,UPS2021
run_1.txt,3.74741599236481,14.826843564360281,NaN,NaN,UPS2021
run_1.txt,3.8957044998046246,17.98652100167858,NaN,NaN,UPS2021
run_1.txt,4.339751758671479,137.03280753033113,NaN,NaN,UPS2021-C
run_1.txt,4.454015504855685,121.9137623383506,NaN,NaN,UPS2021-C
run_1.txt,4.243781267731785,192.5681344504202,NaN,NaN,UPS2021-C
run_1.txt,4.294363571098514,205.8739993026062,NaN,NaN,UPS2021-C
run_1.txt,4.39287902789435,282.5142560529073,NaN,NaN,UPS2021-C
run_1.txt,4.308804678068715,180.16146412453324,NaN,NaN,UPS2021-C
run_1.txt,4.143031219852424,159.7914201543206,NaN,NaN,UPS2021-C
run_1.txt,4.473691669058873,162.5696443210571,NaN,NaN,UPS2021-C
run_1.txt,4.530022148827243,167.64409961996023,NaN,NaN,UPS2021-C
run_1.txt,4.405001112427763,55.228568401243514,NaN,NaN,UPS2021-C
run_1.txt,4.437867561920198,110.94040778096159,NaN,NaN,UPS2021-C
run_1.txt,4.410972683230777,246.5913250460475,NaN,NaN,UPS2021-C
run_1.txt,4.345203285179483,124.42521813935434,NaN,NaN,UPS2021-C
run_1.txt,4.289475648394396,201.89622073165083,NaN,NaN,UPS2021-C
run_1.txt,4.390804997956415,237.78844205848026,NaN,NaN,UPS2021-C
run_1.txt,4.5677669917300765,76.70878301491277,NaN,NaN,UPS2021-C
run_1.txt,3.408282308052417,NaN,NaN,NaN,Car exhaust
run_1.txt,3.289907800749598,NaN,NaN,NaN,Car exhaust
run_1.txt,51550.36876960519,NaN,NaN,NaN,Car exhaust
run_2.txt,3.5685363348242722,NaN,NaN,NaN,Car exhaust
run_1.txt,3.640825137648537,NaN,NaN,NaN,Car exhaust
run_1.txt,5.557050791141032,490.58392902511514,NaN,NaN,UPS2021-P
run_1.txt,5.05029285291944,356.44937482538046,NaN,NaN,UPS2021-P
run_1.txt,3.7586268568930428,219.313418669994,NaN,NaN,UPS2021-P
run_1.txt,3.7698346814523607,10.733915682264323,NaN,NaN,UPS2021-R
run_1.txt,5.268704144584345,20.879276177175395,NaN,NaN,UPS2021-R
run_1.txt,4.845274038760608,15.589725602857236,NaN,NaN,UPS2021-R
run_1.txt,4.094339366547985,9.996838104006232,NaN,NaN,UPS2021-R
run_1.txt,3.9389698597702365,5.985144954520578,NaN,NaN,UPS2021-R
run_1.txt,5.550660308278467,16.58777659088901,NaN,NaN,UPS2021-R
run_1.txt,7.938226071577148,18.623198544835127,NaN,NaN,UPS2021-R
run_1.txt,5.987054201838468,14.078322304478373,NaN,NaN,UPS2021-R
run_1.txt,5.059375268179621,9.708585215980277,NaN,NaN,UPS2021-R
run_1.txt,4.694366387423321,8.704847297469245,NaN,NaN,UPS2021-R
run_1.txt,4.525792403319188,6.794110533356198,NaN,NaN,UPS2021-R
run_1.txt,3.4738334470350236,6.780267585528415,NaN,NaN,UPS2021-R
run_1.txt,4.505322306062693,56.66747656327566,NaN,NaN,UPS2021-R
run_1.txt,7.55722031464894,28.275971930268724,NaN,NaN,UPS2021-R
run_1.txt,4.970143346784668,30.11331946325208,NaN,NaN,UPS2021-R
run_1.txt,4.143708937794922,14.140203206286177,NaN,NaN,UPS2021-R
run_1.txt,3.8029071644074235,7.054988334400454,NaN,NaN,UPS2021-R
run_1.txt,3.9943608071167667,12.602253778783059,NaN,NaN,UPS2021-R
run_1.txt,5.258766860904825,19.087183040288473,NaN,NaN,UPS2021-R
run_1.txt,4.32208642423228,16.71655472154268,NaN,NaN,UPS2021-R
run_1.txt,4.624504975717431,15.473311490811968,NaN,NaN,UPS2021-R
run_1.txt,4.301692648273631,15.482638073369573,NaN,NaN,UPS2021-R
run_1.txt,3.2442361380635063,4.636686296648766,NaN,NaN,UPS2021-R
run_1.txt,4.234872278350495,11.601721436939124,NaN,NaN,UPS2021-R
run_1.txt,4.3379866574919275,8.116887660132667,NaN,NaN,UPS2021-R
run_1.txt,4.315031550254426,11.01652107171252,NaN,NaN,UPS2021-R
run_1.txt,4.369131127888001,9.627442029393857,NaN,NaN,UPS2021-R
run_1.txt,4.168100699968909,8.262979549136865,NaN,NaN,UPS2021-R
run_1.txt,4.133736936894794,7.178076599399071,NaN,NaN,UPS2021-R
run_1.txt,4.134029497188874,7.211782136990908,NaN,NaN,UPS2021-R
run_1.txt,4.063199270298209,6.333150011436031,NaN,NaN,UPS2021-R
run_1.txt,3.693395660877276,3.750965900690292,NaN,NaN,UPS2021-R
run_1.txt,3.5560641077275026,3.8162184535265844,NaN,NaN,UPS2021-R
run_1.txt,3.700794100259862,3.9971548284214227,NaN,NaN,UPS2021-R
run_1.txt,2.82028516849175,NaN,NaN,NaN,UPS2021-R
run_1.txt,3.640496871356597,3.4302233660394035,NaN,NaN,UPS2021-R
run_1.txt,3.5523954435520517,3.8080819995124258,NaN,NaN,UPS2021-R
run_1.txt,3.5770880995152914,8.693855526217872,NaN,NaN,UPS2021-S
run_1.txt,3.3536981879299663,6.208448615095513,NaN,NaN,UPS2021-S
run_2.txt,4.2982573956533745,NaN,NaN,NaN,UPS2021-S
run_1.txt,3.500458840710944,7.016166470871344,NaN,NaN,UPS2021-S
LAHM_test_data2.txt,3.7661941277391384,NaN,NaN,NaN,LAHM test data
Blank.txt,7.307443922193979,NaN,NaN,NaN,Fullerene standards
NaN,NaN,NaN,Blank2.txt,-0.3210297135677868,Pine pollen
NaN,NaN,NaN,Dark.txt,-1.7951006664572688,Dark comparison
